{
    "avg_precision": {
        "train": 0.9637681159420289,
        "test": 0.9666666666666667
    },
    "roc_auc": {
        "train": 0.9994789223860839,
        "test": 1.0
    }
}
